"pitch","roll","yaw","vgx","vgy","vgz","temperature_low","temperature_high","tof","height","battery","barometer","time","acc_x","acc_y","acc_z"
"-1","-5","75","0","0","0","87","88","10","0","60","-14.32","23","-44.00","81.00","-985.00"
"-1","-5","74","0","0","0","87","88","10","0","60","-14.23","23","-10.00","91.00","-1009.00"
"-1","-5","74","0","0","0","87","88","10","0","60","-14.21","23","-8.00","90.00","-1003.00"
"-1","-6","74","0","0","0","87","88","10","0","60","-14.43","23","-64.00","116.00","-998.00"
"-2","-6","74","0","0","0","87","88","10","0","60","-14.16","23","-63.00","135.00","-995.00"
"-2","-5","74","0","0","0","86","88","10","0","60","-14.46","23","-51.00","137.00","-998.00"
"-2","-5","74","0","0","0","86","88","10","0","60","-14.12","23","-40.00","83.00","-1001.00"
"-2","-4","73","0","0","0","86","88","10","0","60","-14.12","23","-6.00","81.00","-1026.00"
"-2","-3","72","0","0","0","86","88","10","0","60","-14.24","23","-89.00","36.00","-994.00"
"-2","-2","71","0","0","0","86","88","10","0","60","-14.22","23","-113.00","5.00","-955.00"
"-2","-2","70","0","0","0","86","88","10","0","60","-14.20","23","3.00","26.00","-1016.00"
"0","-3","70","0","0","0","86","88","10","0","60","-14.08","23","38.00","59.00","-1033.00"
"-1","-3","71","0","0","0","86","88","10","0","60","-14.23","23","-70.00","39.00","-969.00"
"-1","-3","71","0","0","0","86","88","10","0","60","-14.27","23","-35.00","68.00","-1004.00"
"0","-3","71","0","0","0","86","88","10","0","60","-14.11","23","7.00","75.00","-1014.00"
"-1","-3","71","0","0","0","87","89","10","0","60","-14.45","23","-24.00","37.00","-1007.00"
"-1","-4","71","0","0","0","87","89","10","0","60","-14.16","23","-26.00","79.00","-1016.00"
"-1","-4","70","0","0","0","87","89","10","0","60","-14.41","23","19.00","46.00","-995.00"
"-2","-4","70","0","0","0","87","89","10","0","60","-14.26","23","-50.00","66.00","-985.00"
"-2","-4","70","0","0","0","87","89","10","0","60","-14.46","23","-88.00","72.00","-984.00"
"-2","-4","70","0","0","0","87","89","10","0","60","-14.50","23","-57.00","80.00","-983.00"
"-1","-4","70","0","0","0","87","89","10","0","60","-14.02","23","-11.00","79.00","-988.00"
"-1","-4","70","0","0","0","87","89","10","0","60","-14.37","23","-51.00","98.00","-988.00"
"0","-4","70","0","0","0","87","89","10","0","60","-14.32","23","-13.00","92.00","-1001.00"
"-1","-5","71","0","0","0","87","89","10","0","60","-14.33","23","-29.00","90.00","-1004.00"
"-2","-5","71","0","0","0","86","89","10","0","60","-14.29","23","-41.00","67.00","-958.00"
"-1","-6","71","0","0","0","86","89","10","0","60","-14.41","23","-19.00","118.00","-997.00"
"-1","-6","71","0","0","0","86","89","10","0","60","-13.97","23","-10.00","119.00","-1009.00"
"-1","-6","71","0","0","0","86","89","10","0","60","-14.52","23","-33.00","109.00","-982.00"
"-1","-6","71","0","0","0","86","89","10","0","60","-14.28","23","-23.00","98.00","-996.00"
"-1","-7","71","0","0","0","86","89","10","0","60","-14.35","23","-21.00","140.00","-1007.00"
"-1","-7","71","0","0","0","86","89","10","0","60","-14.25","23","-29.00","136.00","-993.00"
"-2","-6","71","0","0","0","86","89","10","0","60","-14.13","23","-75.00","106.00","-964.00"
"-1","-7","72","0","0","0","86","89","10","0","60","-14.68","23","-18.00","133.00","-997.00"
"-1","-7","72","0","0","0","86","89","10","0","60","-14.39","23","-15.00","155.00","-991.00"
"-1","-7","72","0","0","0","87","89","10","0","60","-14.13","23","-42.00","122.00","-983.00"
"-1","-6","72","0","0","0","87","89","10","0","60","-14.52","23","-39.00","84.00","-994.00"
"-1","-6","71","0","0","0","87","89","10","0","60","-14.37","23","-15.00","106.00","-1000.00"
"-1","-6","71","0","0","0","87","89","10","0","60","-14.41","23","-35.00","119.00","-983.00"
"-2","-7","71","0","0","0","87","89","10","0","60","-14.37","23","-52.00","129.00","-991.00"
"-2","-7","72","0","0","0","87","89","10","0","60","-14.50","23","-26.00","109.00","-986.00"
"-1","-7","72","0","0","0","87","89","10","0","60","-14.39","23","-4.00","117.00","-1008.00"
"-1","-6","72","0","0","0","87","89","10","0","60","-14.31","23","-47.00","128.00","-972.00"
"-1","-6","72","0","0","0","87","89","10","0","60","-14.19","23","-21.00","128.00","-1001.00"
"-1","-7","72","0","0","0","87","89","10","0","60","-14.03","23","-17.00","143.00","-1009.00"
"-1","-6","72","0","0","0","86","89","10","0","60","-14.56","23","-32.00","112.00","-991.00"
"-1","-6","72","0","0","0","86","89","10","0","60","-14.42","23","-43.00","101.00","-999.00"
"-1","-6","72","0","0","0","86","89","10","0","60","-14.04","23","-28.00","109.00","-1001.00"
"-1","-6","72","0","0","0","86","89","10","0","60","-14.33","23","-27.00","119.00","-1003.00"
"-1","-6","72","0","0","0","86","89","10","0","60","-14.24","23","-42.00","88.00","-963.00"
"-1","-6","72","0","0","0","86","89","10","0","60","-14.37","23","37.00","50.00","-1015.00"
"0","-6","73","0","0","0","86","89","10","0","60","-14.24","23","-27.00","144.00","-994.00"
"-1","-7","74","0","0","0","86","89","10","0","60","-14.67","23","-61.00","164.00","-977.00"
"-2","-7","74","0","0","0","86","89","10","0","60","-14.29","23","-72.00","150.00","-982.00"
"-3","-7","74","0","0","0","86","89","10","0","60","-14.36","23","-49.00","130.00","-1004.00"
"-3","-7","74","0","0","0","87","89","10","0","60","-14.31","23","-47.00","113.00","-986.00"
"-3","-6","75","0","0","0","87","89","10","0","60","-14.22","23","-74.00","99.00","-978.00"
"-3","-6","75","0","0","0","87","89","10","0","60","-14.30","23","-52.00","115.00","-1000.00"
"-2","-6","74","0","0","0","87","89","10","0","60","-14.28","23","-29.00","120.00","-1003.00"
"-2","-6","74","0","0","0","87","89","10","0","60","-14.18","23","-52.00","95.00","-984.00"
"-2","-6","74","0","0","0","87","89","10","0","60","-14.23","23","-51.00","96.00","-993.00"
"-2","-6","74","0","0","0","87","89","10","0","60","-14.41","23","-35.00","120.00","-1003.00"
"-2","-6","74","0","0","0","87","89","10","0","60","-14.00","23","-48.00","107.00","-987.00"
"-2","-6","74","0","0","0","87","89","10","0","60","-14.27","23","-40.00","109.00","-1022.00"
"-2","-6","74","0","0","0","87","89","10","0","60","-14.52","23","-28.00","86.00","-963.00"
"0","-5","74","0","0","0","87","89","10","0","60","-14.49","23","71.00","29.00","-1004.00"
"6","-7","78","0","0","0","87","89","10","0","60","-14.44","23","85.00","190.00","-1024.00"
"6","-7","78","0","0","0","87","89","10","0","60","-14.52","23","61.00","149.00","-943.00"
"9","-8","77","0","0","0","87","89","10","0","60","-14.40","23","177.00","141.00","-984.00"
"11","-8","77","0","0","0","87","89","10","0","60","-14.58","23","232.00","114.00","-927.00"
"14","-9","78","0","0","0","87","89","10","0","60","-14.55","23","304.00","152.00","-979.00"
"16","-9","78","0","0","0","87","89","10","0","60","-14.56","23","341.00","176.00","-971.00"
"16","-9","78","0","0","0","87","89","10","0","60","-14.17","23","316.00","168.00","-953.00"
"16","-9","77","0","0","0","87","89","10","0","60","-14.59","23","283.00","166.00","-921.00"
"16","-9","77","0","0","0","87","89","10","0","60","-14.26","23","289.00","135.00","-928.00"
"15","-9","77","0","0","0","87","89","10","0","60","-14.43","23","295.00","154.00","-968.00"
"15","-9","76","0","0","0","87","89","10","0","60","-14.42","23","270.00","154.00","-947.00"
"15","-9","76","0","0","0","87","89","10","0","60","-14.60","23","285.00","146.00","-959.00"
"15","-9","76","0","0","0","87","89","10","0","60","-14.37","23","274.00","167.00","-957.00"
"14","-9","77","0","0","0","87","89","10","0","60","-13.97","23","252.00","189.00","-955.00"
"14","-9","76","0","0","0","87","89","10","0","60","-14.50","23","268.00","180.00","-958.00"
"14","-9","76","0","0","0","87","89","10","0","60","-14.65","23","264.00","150.00","-944.00"
"14","-9","76","0","0","0","87","89","10","0","60","-14.31","23","260.00","176.00","-956.00"
"14","-9","76","0","0","0","87","89","10","0","60","-14.50","23","253.00","171.00","-946.00"
"14","-9","76","0","0","0","87","89","10","0","60","-14.44","23","245.00","175.00","-957.00"
"13","-9","76","0","0","0","86","89","10","0","60","-14.68","23","248.00","149.00","-959.00"
"13","-9","77","0","0","0","86","89","10","0","60","-14.54","23","230.00","147.00","-950.00"
"13","-9","76","0","0","0","86","89","10","0","60","-14.35","23","222.00","148.00","-959.00"
"12","-9","76","0","0","0","86","89","10","0","60","-14.26","23","238.00","157.00","-969.00"
"12","-9","77","0","0","0","86","89","10","0","60","-14.33","23","227.00","159.00","-959.00"
"12","-9","77","0","0","0","86","89","10","0","60","-14.12","23","180.00","156.00","-957.00"
"12","-9","77","0","0","0","86","89","10","0","60","-14.28","23","213.00","130.00","-959.00"
"11","-9","77","0","0","0","86","89","10","0","60","-14.47","23","231.00","153.00","-975.00"
"11","-8","77","0","0","0","86","89","10","0","60","-14.59","23","201.00","152.00","-960.00"
"11","-9","77","0","0","0","86","89","10","0","60","-14.26","23","186.00","156.00","-963.00"
"11","-9","77","0","0","0","88","90","10","0","60","-14.62","23","190.00","152.00","-953.00"
"11","-9","77","0","0","0","88","90","10","0","60","-14.69","23","199.00","150.00","-958.00"
"11","-9","77","0","0","0","88","90","10","0","60","-14.49","23","207.00","159.00","-966.00"
"12","-9","77","0","0","0","88","90","10","0","60","-14.58","23","197.00","166.00","-962.00"
"11","-9","77","0","0","0","88","90","10","0","60","-14.19","23","220.00","149.00","-969.00"
"12","-9","77","0","0","0","88","90","10","0","60","-14.58","23","216.00","156.00","-969.00"
"12","-9","77","0","0","0","88","90","10","0","60","-14.15","23","193.00","168.00","-958.00"
"12","-9","77","0","0","0","88","90","10","0","60","-14.26","23","216.00","160.00","-972.00"
"12","-9","77","0","0","0","88","90","10","0","60","-14.48","23","213.00","146.00","-959.00"
"12","-9","77","0","0","0","88","90","10","0","60","-14.40","23","205.00","153.00","-968.00"
"12","-9","77","0","0","0","87","89","10","0","60","-14.29","23","219.00","152.00","-971.00"
"12","-9","77","0","0","0","87","89","10","0","60","-14.50","23","237.00","156.00","-974.00"
"12","-9","77","0","0","0","87","89","10","0","60","-14.50","23","222.00","157.00","-964.00"
"12","-9","77","0","0","0","87","89","10","0","60","-14.25","23","229.00","162.00","-957.00"
"12","-9","77","0","0","0","87","89","10","0","60","-14.47","23","267.00","190.00","-993.00"
"11","-9","78","0","0","0","87","89","10","0","60","-14.24","23","173.00","118.00","-927.00"
"11","-9","78","0","0","0","87","89","10","0","60","-14.26","23","212.00","167.00","-977.00"
"11","-10","79","0","0","0","87","89","10","0","60","-13.99","23","238.00","159.00","-1009.00"
"11","-10","80","0","0","0","87","89","10","0","60","-14.24","23","244.00","228.00","-992.00"
"10","-11","80","0","0","0","87","89","10","0","60","-14.27","23","176.00","236.00","-945.00"
"10","-11","80","0","0","0","88","89","10","0","60","-14.08","23","137.00","176.00","-912.00"
"9","-11","79","0","0","0","88","89","10","0","60","-14.27","23","132.00","226.00","-965.00"
"10","-11","78","0","0","0","88","89","10","0","60","-14.19","23","169.00","233.00","-952.00"
"10","-12","77","0","0","0","88","89","10","0","60","-14.44","23","202.00","220.00","-965.00"
"10","-11","77","0","0","0","88","89","10","0","60","-14.22","23","185.00","218.00","-953.00"
"11","-11","76","0","0","0","88","89","10","0","60","-14.24","23","238.00","89.00","-948.00"
"11","-11","76","0","0","0","88","89","10","0","60","-14.39","23","198.00","215.00","-969.00"
"11","-12","76","0","0","0","88","89","10","0","60","-14.61","23","205.00","132.00","-930.00"
"11","-12","78","0","0","0","88","89","10","0","60","-14.52","23","203.00","186.00","-923.00"
"11","-13","79","0","0","0","88","89","10","0","60","-14.50","23","202.00","274.00","-961.00"
"12","-13","80","0","0","0","87","89","10","0","60","-14.40","23","213.00","321.00","-947.00"
"12","-12","80","0","0","0","87","89","10","0","60","-14.19","23","207.00","319.00","-960.00"
"11","-11","80","0","0","0","87","89","10","0","60","-14.46","23","200.00","223.00","-982.00"
"11","-10","80","0","0","0","87","89","10","0","60","-14.12","23","184.00","162.00","-929.00"
"11","-10","79","0","0","0","87","89","10","0","60","-14.45","23","177.00","168.00","-945.00"
"11","-10","79","0","0","0","87","89","10","0","60","-14.26","23","164.00","174.00","-924.00"
"11","-11","77","0","0","0","87","89","10","0","60","-14.46","23","167.00","184.00","-911.00"
"12","-13","75","0","0","0","87","89","10","0","60","-14.38","23","222.00","172.00","-961.00"
"12","-14","74","0","0","0","87","89","10","0","60","-14.50","23","271.00","212.00","-966.00"
"12","-16","74","0","0","0","87","89","10","0","60","-14.34","23","265.00","224.00","-888.00"
"12","-18","73","0","0","0","86","89","10","0","60","-14.22","23","304.00","296.00","-983.00"
"11","-19","74","0","0","0","86","89","10","0","60","-14.21","23","212.00","394.00","-947.00"
"10","-18","75","0","0","0","86","89","10","0","60","-14.57","23","206.00","378.00","-939.00"
"10","-16","76","0","0","0","86","89","10","0","60","-14.38","23","119.00","360.00","-907.00"
"10","-16","76","0","0","0","86","89","10","0","60","-14.50","23","161.00","311.00","-888.00"
"10","-15","76","0","0","0","86","89","10","0","60","-14.73","23","126.00","301.00","-901.00"
"11","-15","76","0","0","0","86","89","10","0","60","-14.40","23","186.00","309.00","-909.00"
"12","-15","75","0","0","0","86","89","10","0","60","-14.37","23","246.00","321.00","-942.00"
"12","-13","75","0","0","0","86","89","10","0","60","-14.08","23","225.00","261.00","-943.00"
"12","-12","75","0","0","0","86","89","10","0","60","-14.13","23","224.00","204.00","-943.00"
"12","-12","75","0","0","0","87","90","10","0","60","-14.26","23","229.00","184.00","-946.00"
"13","-13","76","0","0","0","87","90","10","0","60","-14.72","23","202.00","223.00","-944.00"
"14","-12","76","0","0","0","87","90","10","0","60","-14.27","23","245.00","218.00","-953.00"
"14","-11","76","0","0","0","87","90","10","0","60","-14.41","23","263.00","193.00","-941.00"
"15","-11","75","0","0","0","87","90","10","0","60","-14.40","23","252.00","174.00","-954.00"
"15","-12","75","0","0","0","87","90","10","0","60","-14.58","23","272.00","169.00","-945.00"
"16","-12","75","0","0","0","87","90","10","0","60","-14.56","23","286.00","187.00","-948.00"
"16","-12","75","0","0","0","87","90","10","0","60","-14.37","23","322.00","234.00","-938.00"
"17","-12","75","0","0","0","87","90","10","0","60","-14.51","23","313.00","254.00","-933.00"
"17","-12","75","0","0","0","87","90","10","0","60","-14.14","23","285.00","250.00","-913.00"
"18","-12","74","0","0","0","87","89","10","0","60","-14.17","23","343.00","247.00","-952.00"
"17","-13","73","0","0","0","87","89","10","0","60","-14.54","23","353.00","257.00","-955.00"
"17","-13","71","0","0","0","87","89","10","0","60","-14.49","23","327.00","227.00","-938.00"
"16","-13","70","0","0","0","87","89","10","0","60","-14.36","23","287.00","182.00","-916.00"
"15","-13","70","0","0","0","87","89","10","0","60","-14.49","23","237.00","152.00","-887.00"
"15","-13","70","0","0","0","87","89","10","0","60","-14.54","23","265.00","147.00","-955.00"
"16","-13","71","0","0","0","87","89","10","0","60","-14.50","23","351.00","185.00","-965.00"
"16","-13","73","0","0","0","87","89","10","0","60","-14.59","23","275.00","271.00","-960.00"
"15","-13","75","0","0","0","87","89","10","0","60","-14.56","23","257.00","291.00","-915.00"
"15","-13","76","0","0","0","87","89","10","0","60","-14.48","23","306.00","221.00","-924.00"
"14","-12","77","0","0","0","87","89","10","0","60","-14.65","23","215.00","175.00","-948.00"
"13","-12","78","0","0","0","87","89","10","0","60","-14.34","23","261.00","173.00","-1034.00"
"11","-11","82","0","0","0","87","89","10","0","60","-14.45","23","316.00","-27.00","-1032.00"
"10","-10","89","0","0","0","87","89","10","0","60","-14.35","23","222.00","129.00","-936.00"
"9","-9","97","0","0","0","87","89","10","0","60","-14.40","23","184.00","212.00","-942.00"
"8","-9","103","0","0","0","87","89","10","0","60","-14.25","23","232.00","193.00","-963.00"
"7","-8","109","0","0","0","87","89","10","0","60","-14.30","23","226.00","203.00","-983.00"
"7","-8","113","0","0","0","87","89","10","0","60","-14.34","23","134.00","220.00","-924.00"
"10","-7","118","0","0","0","87","89","10","0","60","-14.39","23","196.00","247.00","-880.00"
"11","-7","121","0","0","0","87","89","10","0","60","-14.47","23","254.00","149.00","-940.00"
"11","-7","124","0","0","0","88","90","10","0","60","-14.44","23","285.00","216.00","-976.00"
"11","-7","125","0","0","0","88","90","10","0","60","-14.35","23","229.00","164.00","-982.00"
"10","-8","127","0","0","0","88","90","10","0","60","-14.49","23","168.00","124.00","-1023.00"
"10","-11","128","0","0","-1","88","90","10","0","60","-14.42","23","111.00","182.00","-1051.00"
"11","-13","132","0","0","-1","88","90","10","0","60","-14.32","23","169.00","284.00","-974.00"
"6","-14","140","0","0","-2","88","90","10","0","60","-14.56","23","-112.00","272.00","-1177.00"
"2","-14","144","0","0","-3","88","90","46","0","60","-14.10","23","-117.00","-51.00","-941.00"
"2","-14","154","0","0","-1","88","90","73","0","60","-14.25","23","35.00","2.00","-676.00"
"1","-11","163","0","0","0","88","90","60","0","60","-14.08","23","221.00","311.00","-861.00"
"2","-7","168","0","0","1","88","90","50","0","60","-14.59","23","194.00","120.00","-901.00"
"2","-2","168","0","0","1","88","89","10","0","60","-14.07","23","345.00","273.00","-979.00"
"3","0","165","0","0","1","88","89","10","0","60","-14.31","23","258.00","166.00","-1092.00"
"1","2","159","0","0","0","88","89","10","0","60","-14.25","23","141.00","-275.00","-920.00"
"1","4","157","0","0","0","88","89","10","0","60","-14.53","23","-65.00","-201.00","-1159.00"
"1","13","142","0","0","0","88","89","10","0","60","-14.31","23","-146.00","-531.00","-983.00"
"2","6","139","0","0","0","88","89","10","0","60","-14.25","23","-158.00","24.00","-716.00"
"3","-1","154","0","0","0","88","89","10","0","60","-14.33","23","89.00","92.00","-1298.00"
"2","0","155","0","0","0","88","89","10","0","60","-14.00","23","93.00","99.00","-985.00"
"4","-1","155","0","0","0","88","89","10","0","60","-13.97","23","154.00","126.00","-1079.00"
"3","-1","153","0","0","0","88","89","10","0","60","-14.48","23","57.00","81.00","-1057.00"
"2","-1","149","0","0","0","87","90","10","0","60","-14.43","23","-50.00","21.00","-967.00"
"2","0","148","0","0","0","87","90","10","0","60","-14.30","23","9.00","1.00","-1011.00"
"2","0","148","0","0","0","87","90","10","0","60","-13.99","23","107.00","32.00","-977.00"
"2","0","148","0","0","0","87","90","10","0","60","-14.28","23","59.00","-47.00","-1005.00"
"2","0","148","0","0","0","87","90","10","0","60","-14.08","23","60.00","-7.00","-1004.00"
"2","0","148","0","0","0","87","90","10","0","59","-14.15","23","83.00","-12.00","-998.00"
"2","0","148","0","0","0","87","90","10","0","59","-14.40","23","55.00","-27.00","-996.00"
"2","0","148","0","0","0","87","90","10","0","59","-14.24","23","67.00","-12.00","-999.00"
"2","0","148","0","0","0","87","90","10","0","59","-14.39","23","69.00","-17.00","-995.00"
"2","0","148","0","0","0","87","90","10","0","59","-14.42","23","63.00","-21.00","-997.00"
"2","0","148","0","0","0","87","90","10","0","59","-14.44","23","69.00","-14.00","-997.00"
"2","0","148","0","0","0","87","90","10","0","59","-14.24","23","67.00","-17.00","-998.00"
"2","0","148","0","0","0","87","90","10","0","59","-14.14","23","63.00","-19.00","-1006.00"
"2","0","148","0","0","0","87","90","10","0","59","-13.87","23","65.00","-18.00","-993.00"
"2","0","148","0","0","0","87","90","10","0","59","-14.36","23","66.00","-19.00","-997.00"
"2","0","148","0","0","0","87","90","10","0","59","-14.56","23","66.00","-19.00","-996.00"
"2","0","148","0","0","0","87","90","10","0","59","-14.42","23","67.00","-14.00","-997.00"
"2","0","148","0","0","0","87","90","10","0","59","-14.24","23","65.00","-18.00","-997.00"
"2","0","148","0","0","0","87","90","10","0","59","-14.33","23","66.00","-19.00","-997.00"
"2","0","148","0","0","0","87","90","10","0","59","-14.24","23","67.00","-19.00","-1000.00"
"2","0","148","0","0","0","88","89","10","0","59","-14.08","23","66.00","-15.00","-996.00"
"2","0","148","0","0","0","88","89","10","0","59","-14.39","23","66.00","-18.00","-996.00"
"2","0","148","0","0","0","88","89","10","0","59","-14.55","23","67.00","-17.00","-1000.00"
"2","0","148","0","0","0","88","89","10","0","59","-14.34","23","66.00","-18.00","-997.00"
"2","0","148","0","0","0","88","89","10","0","59","-14.30","23","66.00","-20.00","-998.00"
"2","0","148","0","0","0","88","89","10","0","59","-14.21","23","65.00","-19.00","-997.00"
"2","0","148","0","0","0","88","89","10","0","59","-14.45","23","65.00","-18.00","-998.00"
"2","0","148","0","0","0","88","89","10","0","59","-14.32","23","66.00","-20.00","-999.00"
"2","0","148","0","0","0","88","89","10","0","59","-14.07","23","66.00","-17.00","-1000.00"
"2","0","148","0","0","0","88","89","10","0","59","-14.23","23","64.00","-18.00","-996.00"
"2","0","148","0","0","0","87","90","10","0","59","-14.31","23","66.00","-18.00","-1001.00"
"2","0","148","0","0","0","87","90","10","0","59","-14.30","23","65.00","-17.00","-998.00"
"2","0","148","0","0","0","87","90","10","0","59","-14.21","23","68.00","-18.00","-998.00"
"2","0","148","0","0","0","87","90","10","0","59","-14.25","23","66.00","-16.00","-998.00"
"2","0","148","0","0","0","87","90","10","0","59","-14.19","23","64.00","-19.00","-998.00"
"2","0","148","0","0","0","87","90","10","0","59","-14.36","23","66.00","-18.00","-999.00"
"2","0","148","0","0","0","87","90","10","0","59","-14.27","23","66.00","-18.00","-996.00"
"2","0","148","0","0","0","87","90","10","0","59","-14.33","23","65.00","-19.00","-998.00"
"2","0","148","0","0","0","87","90","10","0","59","-14.51","23","66.00","-17.00","-998.00"
"2","0","148","0","0","0","87","90","10","0","59","-14.21","23","64.00","-17.00","-997.00"
"2","0","148","0","0","0","87","90","10","0","59","-14.26","23","68.00","-26.00","-995.00"
"2","0","148","0","0","0","87","90","10","0","59","-14.26","23","62.00","-14.00","-999.00"
"2","0","148","0","0","0","87","90","10","0","59","-14.26","23","69.00","-17.00","-998.00"
"2","0","148","0","0","0","87","90","10","0","59","-14.26","24","57.00","-45.00","-1004.00"
"2","0","149","0","0","0","87","90","10","0","59","-14.26","24","43.00","-5.00","-984.00"
"1","0","149","0","0","0","87","90","10","0","59","-14.26","24","14.00","-18.00","-1015.00"
"0","0","149","0","0","0","87","90","10","0","59","-14.26","24","-26.00","6.00","-1179.00"
"0","1","149","0","0","-2","87","90","10","0","59","-14.26","24","29.00","16.00","-1516.00"
"0","0","149","0","0","-6","87","90","17","0","59","-14.09","24","10.00","-10.00","-1110.00"
"0","0","149","0","0","-8","87","90","25","10","59","-13.66","24","-20.00","-43.00","-1007.00"
"0","0","149","0","0","-9","88","90","34","20","59","-13.68","24","6.00","-8.00","-1007.00"
"0","0","149","0","0","-9","88","90","46","30","59","-13.67","24","5.00","-23.00","-930.00"
"0","0","149","0","0","-9","88","90","53","30","59","-13.57","24","3.00","-1.00","-915.00"
"0","0","149","0","0","-7","88","90","59","40","59","-13.75","25","-18.00","-20.00","-824.00"
"0","0","149","0","0","-6","88","90","65","50","59","-13.56","25","14.00","-11.00","-859.00"
"0","0","149","0","0","-4","88","90","69","50","59","-13.31","25","-19.00","-6.00","-887.00"
"0","0","149","0","0","-3","88","90","74","60","59","-13.28","25","6.00","-4.00","-851.00"
"0","-1","149","0","0","-2","88","90","79","60","59","-13.30","25","36.00","-26.00","-858.00"
"-1","-1","149","0","0","-1","88","90","81","60","59","-13.24","25","-12.00","-23.00","-903.00"
"0","0","149","0","0","0","88","90","81","60","59","-13.50","25","17.00","0.00","-973.00"
"0","0","149","0","0","0","87","90","80","60","59","-13.42","25","11.00","-8.00","-959.00"
"0","0","149","0","0","0","87","90","80","60","59","-13.35","25","9.00","-4.00","-985.00"
"0","0","149","0","0","0","87","90","85","60","59","-13.44","25","1.00","-14.00","-990.00"
"0","0","149","0","0","0","87","90","89","60","59","-13.60","26","13.00","-30.00","-995.00"
"0","0","149","0","0","0","87","90","98","60","59","-13.22","26","6.00","-7.00","-999.00"
"0","0","149","0","0","0","87","90","102","70","59","-13.37","26","6.00","-6.00","-1045.00"
"0","0","149","0","0","0","87","90","105","70","59","-13.52","26","-14.00","-6.00","-985.00"
"-1","0","149","0","0","0","87","90","106","70","59","-13.54","26","-9.00","5.00","-959.00"
"-1","0","149","0","0","0","87","90","107","80","59","-13.33","26","-7.00","-2.00","-942.00"
"-1","0","149","0","0","0","87","90","106","80","59","-13.40","26","-2.00","-4.00","-927.00"
"-1","0","149","0","0","0","87","89","104","80","59","-13.49","26","11.00","-10.00","-934.00"
"-1","0","149","0","0","1","87","89","100","80","59","-13.79","26","14.00","-2.00","-948.00"
"-1","0","149","0","0","1","87","89","96","80","59","-13.61","26","-1.00","22.00","-986.00"
"-1","0","149","0","0","1","87","89","91","80","59","-13.42","27","10.00","16.00","-1023.00"
"0","0","149","0","0","2","87","89","84","80","59","-13.54","27","3.00","3.00","-992.00"
"0","0","149","0","0","2","87","89","73","80","59","-13.42","27","7.00","-10.00","-1008.00"
"0","0","149","0","0","2","87","89","58","70","59","-13.91","27","3.00","0.00","-1018.00"
"0","0","149","0","0","1","87","89","39","70","59","-13.69","27","-1.00","7.00","-1047.00"
"0","0","149","0","0","1","87","89","26","70","59","-13.89","27","0.00","12.00","-1081.00"
"0","0","149","0","0","0","87","89","18","70","59","-13.89","27","-2.00","6.00","-1188.00"
"0","0","149","0","0","-1","87","89","19","70","59","-13.73","27","1.00","2.00","-1193.00"
"0","0","149","0","0","-2","87","89","19","70","59","-13.78","27","20.00","-10.00","-1154.00"
"0","0","149","0","0","-4","87","89","23","70","59","-13.90","27","3.00","-5.00","-1065.00"
"0","0","149","0","0","-4","87","89","24","70","59","-14.07","28","13.00","1.00","-1035.00"
"0","0","149","0","0","-4","87","89","26","80","59","-13.78","28","7.00","-9.00","-1013.00"
"0","0","149","0","0","-4","87","89","26","80","59","-13.97","28","4.00","-5.00","-1010.00"
"0","0","149","0","0","-4","87","89","24","90","59","-13.96","28","6.00","15.00","-1005.00"
"0","0","149","0","0","-4","87","89","25","90","59","-14.02","28","-7.00","1.00","-963.00"
"0","0","149","0","0","-4","87","89","26","90","59","-14.13","28","25.00","-10.00","-1041.00"
"0","0","149","0","0","-4","87","89","27","100","59","-14.02","28","3.00","-3.00","-1082.00"
"0","0","149","0","0","-4","87","89","28","100","59","-13.82","28","0.00","-3.00","-985.00"
"0","0","149","0","0","-4","87","89","28","110","59","-13.75","28","14.00","8.00","-1018.00"
"0","0","149","0","0","-4","87","89","29","110","59","-13.96","29","-9.00","4.00","-956.00"
"0","0","149","0","0","-4","87","89","29","110","59","-13.75","29","5.00","0.00","-1005.00"
"0","0","149","0","0","-4","87","89","30","120","59","-13.99","29","5.00","-2.00","-1027.00"
"0","0","149","0","0","-4","87","89","30","120","59","-13.65","29","-9.00","-17.00","-927.00"
"0","0","149","0","0","-3","87","89","30","120","59","-13.90","29","-7.00","-15.00","-964.00"
"0","0","149","0","0","-3","87","89","30","120","59","-13.75","29","7.00","-11.00","-1013.00"
"0","0","149","0","0","-3","87","89","30","120","59","-13.89","29","-28.00","-11.00","-975.00"
"0","0","149","0","0","-4","87","89","31","130","59","-13.54","29","5.00","-18.00","-1047.00"
"0","0","149","0","0","-4","86","88","32","130","59","-13.75","29","9.00","3.00","-1014.00"
"0","0","149","0","0","-4","86","88","34","130","59","-13.84","29","-19.00","-8.00","-951.00"
"0","0","149","0","0","-3","86","88","35","130","59","-13.80","30","1.00","-12.00","-954.00"
"0","0","149","0","0","-3","86","88","35","130","59","-13.62","30","-16.00","10.00","-991.00"
"0","0","149","0","0","-3","86","88","36","130","59","-13.72","30","1.00","-15.00","-1059.00"
"0","0","149","0","0","-3","86","88","38","130","59","-13.94","30","-16.00","10.00","-991.00"
"0","0","149","0","0","-3","86","88","36","130","59","-13.50","30","1.00","-10.00","-1008.00"
"0","0","149","0","0","-3","86","88","37","130","59","-13.74","30","2.00","-10.00","-1023.00"
"0","0","149","0","0","-3","86","88","38","140","59","-13.82","30","-7.00","-12.00","-1009.00"
"0","0","149","0","0","-3","86","88","39","130","59","-13.60","30","-1.00","-6.00","-1017.00"
"0","0","149","0","0","-3","86","88","41","140","59","-13.92","30","-3.00","-6.00","-993.00"
"0","0","149","0","0","-3","86","88","42","130","59","-13.64","30","-6.00","-1.00","-1003.00"
"0","0","149","0","0","-3","86","88","43","130","59","-13.59","31","-6.00","-6.00","-978.00"
"0","0","149","0","0","-2","86","88","46","130","59","-13.77","31","2.00","-13.00","-1011.00"
"0","0","149","0","0","-2","86","88","47","130","59","-13.69","31","7.00","-3.00","-992.00"
"0","0","149","0","0","-2","86","88","50","130","59","-13.74","31","-1.00","-9.00","-972.00"
"0","0","149","0","0","-2","86","88","51","130","59","-13.44","31","3.00","17.00","-962.00"
"0","0","149","0","0","-2","86","88","53","130","59","-13.40","31","9.00","-9.00","-902.00"
"0","0","149","0","0","-1","86","88","54","130","59","-13.42","31","3.00","6.00","-990.00"
"0","0","149","0","0","0","86","88","55","130","59","-13.50","31","0.00","4.00","-981.00"
"0","0","149","0","0","0","86","88","55","130","59","-13.55","31","-2.00","-3.00","-952.00"
"0","0","149","0","0","0","86","88","55","130","59","-13.75","31","-7.00","-12.00","-950.00"
"0","0","149","0","0","0","86","88","54","130","59","-13.43","32","-7.00","-2.00","-990.00"
"0","0","149","0","0","0","86","88","53","130","59","-13.56","32","21.00","-19.00","-1002.00"
"0","0","149","0","0","0","86","88","52","130","59","-13.53","32","21.00","-8.00","-1007.00"
"0","0","149","0","0","0","86","88","50","130","59","-13.60","32","22.00","-13.00","-1032.00"
"0","0","149","0","0","0","86","88","50","130","59","-13.86","32","1.00","2.00","-1041.00"
"0","0","149","0","0","0","86","88","49","130","59","-13.52","32","-9.00","-7.00","-987.00"
"0","0","149","0","0","0","86","88","48","130","59","-13.49","32","15.00","-6.00","-1030.00"
"0","0","149","0","0","0","86","88","47","130","59","-13.65","32","-2.00","0.00","-972.00"
"0","0","149","0","0","0","85","88","46","130","59","-13.53","32","9.00","-1.00","-996.00"
"0","0","149","0","0","0","85","88","45","130","59","-13.52","32","-3.00","-6.00","-982.00"
"0","0","149","0","0","0","85","88","44","130","59","-13.76","33","0.00","-2.00","-1034.00"
"0","0","149","0","0","0","85","88","43","130","59","-13.79","33","10.00","14.00","-1054.00"
"0","0","149","0","0","0","85","88","43","120","59","-13.53","33","19.00","-24.00","-1001.00"
"0","0","149","0","0","0","85","88","43","120","59","-13.32","33","11.00","6.00","-1050.00"
"0","0","149","0","0","0","85","88","43","120","59","-13.52","33","-4.00","0.00","-1028.00"
"1","0","149","0","0","0","85","88","44","120","59","-13.46","33","-26.00","-24.00","-987.00"
"0","0","149","0","0","0","85","88","44","120","59","-13.46","33","-5.00","-1.00","-1066.00"
"0","0","149","0","0","0","85","88","45","120","59","-13.55","33","5.00","-1.00","-1032.00"
"0","0","149","0","0","0","85","88","46","120","59","-13.84","33","-7.00","-9.00","-994.00"
"0","0","149","0","0","0","85","88","47","130","59","-13.48","33","28.00","-1.00","-1071.00"
"0","0","149","0","0","0","85","88","48","130","59","-13.91","34","7.00","-1.00","-1011.00"
"0","0","149","0","0","0","85","88","49","130","59","-13.77","34","0.00","0.00","-1014.00"
"0","0","149","0","0","0","85","88","50","130","59","-13.83","34","0.00","-9.00","-993.00"
"0","0","149","0","0","0","85","88","51","130","59","-13.47","34","3.00","1.00","-1004.00"
"0","0","149","0","0","0","85","88","52","130","59","-13.57","34","6.00","-6.00","-989.00"
"0","0","149","0","0","0","85","88","53","130","59","-13.55","34","-7.00","-4.00","-992.00"
"0","0","149","0","0","0","85","88","53","130","59","-13.63","34","-5.00","-1.00","-975.00"
"0","0","149","0","0","0","85","88","54","130","59","-13.72","34","12.00","-7.00","-959.00"
"0","0","149","0","0","0","86","87","54","130","59","-13.51","34","3.00","-8.00","-1010.00"
"0","0","149","0","0","0","86","87","54","130","59","-13.37","34","-7.00","0.00","-1010.00"
"0","0","149","0","0","0","86","87","55","130","59","-13.62","35","-2.00","1.00","-1008.00"
"0","0","149","0","0","0","86","87","55","130","59","-13.65","35","-2.00","-12.00","-936.00"
"0","0","149","0","0","0","86","87","55","130","59","-13.47","35","1.00","-3.00","-1013.00"
"0","0","149","0","0","0","86","87","55","130","59","-13.56","35","1.00","-6.00","-1009.00"
"0","0","149","0","0","0","86","87","55","130","59","-13.71","35","6.00","-14.00","-995.00"
"0","0","149","0","0","0","86","87","56","130","59","-13.45","35","-4.00","-1.00","-1017.00"
"0","0","149","0","0","0","86","87","56","130","59","-13.64","35","-5.00","-13.00","-984.00"
"0","0","149","0","0","0","86","87","56","130","59","-13.51","35","4.00","-13.00","-992.00"
"0","0","149","0","0","0","85","87","56","130","59","-13.52","35","1.00","-12.00","-1001.00"
"0","0","149","0","0","0","85","87","57","130","59","-13.53","35","10.00","-15.00","-978.00"
"0","0","149","0","0","0","85","87","57","130","59","-13.59","36","3.00","-3.00","-1013.00"
"-1","-3","149","0","0","0","85","87","61","130","59","-13.64","36","8.00","-8.00","-989.00"
"0","-2","149","0","0","0","85","87","59","140","59","-13.36","36","-11.00","3.00","-996.00"
"0","-1","149","0","1","0","85","87","57","140","59","-13.66","36","23.00","8.00","-1030.00"
"0","-1","149","0","1","0","85","87","57","140","59","-13.69","36","-2.00","-1.00","-964.00"
"0","0","149","0","1","0","85","87","56","140","59","-13.68","36","11.00","17.00","-1060.00"
"0","0","149","0","1","0","85","87","55","140","59","-13.84","36","4.00","0.00","-977.00"
"0","0","149","0","1","0","85","87","55","130","59","-13.69","36","-8.00","19.00","-981.00"
"0","0","149","0","0","0","85","88","55","130","59","-13.26","36","-1.00","-4.00","-986.00"
"0","0","149","0","0","0","85","88","55","130","59","-13.62","36","4.00","5.00","-1056.00"
"0","0","149","0","0","0","85","88","55","130","59","-13.55","37","7.00","11.00","-969.00"
"0","0","149","0","0","0","85","88","55","130","59","-13.58","37","22.00","2.00","-1029.00"
"0","0","149","0","0","0","85","88","55","130","59","-13.49","37","-32.00","18.00","-982.00"
"1","1","149","0","0","0","85","88","55","130","59","-13.83","37","1.00","6.00","-1011.00"
"0","0","149","0","0","0","85","88","55","130","59","-13.35","37","-4.00","0.00","-1012.00"
"0","0","149","0","0","0","85","88","55","130","59","-13.44","37","-25.00","6.00","-977.00"
"0","0","149","0","0","0","85","88","55","130","59","-13.64","37","4.00","3.00","-999.00"
"0","0","149","0","0","0","85","88","56","130","59","-13.63","37","6.00","5.00","-1018.00"
"0","0","149","0","0","0","84","87","57","130","59","-13.49","37","3.00","2.00","-984.00"
"1","0","149","0","0","0","84","87","59","130","59","-13.52","37","12.00","3.00","-1028.00"
"1","0","149","0","0","0","84","87","61","130","59","-13.60","38","-38.00","23.00","-973.00"
"1","0","149","0","0","0","84","87","63","140","59","-13.88","38","-1.00","10.00","-1017.00"
"0","0","149","0","0","0","84","87","64","140","59","-13.38","38","4.00","3.00","-1013.00"
"0","0","149","0","0","0","84","87","66","140","59","-13.68","38","-3.00","2.00","-935.00"
"0","0","149","0","0","0","84","87","70","140","59","-13.73","38","-18.00","8.00","-963.00"
"0","0","149","0","0","0","84","87","73","140","59","-13.64","38","4.00","-30.00","-945.00"
"0","0","149","0","0","0","84","87","78","140","59","-13.56","38","9.00","-3.00","-1006.00"
"0","0","149","0","0","0","84","87","78","140","59","-13.33","38","22.00","-10.00","-980.00"
"0","0","149","0","0","0","84","87","89","140","59","-13.87","38","-32.00","0.00","-960.00"
"0","0","149","0","0","0","84","87","94","140","59","-13.51","38","-7.00","8.00","-1027.00"
"0","0","149","0","0","0","84","87","96","140","59","-13.57","39","8.00","-4.00","-987.00"
"0","0","149","0","0","0","84","87","95","140","59","-13.78","39","11.00","7.00","-1014.00"
"1","0","149","0","0","0","84","87","95","140","59","-13.34","39","0.00","-8.00","-993.00"
"1","0","149","0","0","0","84","87","94","140","59","-13.79","39","9.00","-10.00","-983.00"
"1","0","149","0","0","0","84","87","94","140","59","-13.41","39","5.00","-6.00","-1045.00"
"1","0","149","0","0","0","84","87","92","140","59","-13.92","39","-4.00","-5.00","-989.00"
"1","0","149","0","0","0","84","87","91","140","59","-13.66","39","-6.00","-20.00","-996.00"
"1","0","149","0","0","0","84","87","90","130","59","-13.70","39","18.00","8.00","-1023.00"
"1","0","149","0","0","0","84","87","89","130","59","-13.71","39","-21.00","-6.00","-1044.00"
"1","0","149","0","0","0","84","87","88","130","59","-13.81","39","-8.00","2.00","-1008.00"
"1","0","149","0","0","0","84","87","87","130","59","-13.69","40","8.00","-6.00","-1013.00"
"1","0","149","0","0","0","84","87","87","130","59","-13.67","40","9.00","-14.00","-1032.00"
"1","0","149","0","0","0","84","87","87","130","59","-13.84","40","0.00","9.00","-1070.00"
"1","0","149","0","0","0","84","87","87","130","59","-13.76","40","6.00","0.00","-1034.00"
"1","0","149","0","0","0","84","87","88","130","59","-13.56","40","0.00","-2.00","-972.00"
"1","0","149","0","0","0","84","87","88","130","59","-13.96","40","8.00","-4.00","-1001.00"
"1","0","149","0","0","0","84","87","88","130","59","-13.67","40","-9.00","12.00","-1007.00"
"1","0","149","0","0","0","84","87","88","130","59","-13.64","40","11.00","-21.00","-977.00"
"1","0","149","0","0","0","84","86","88","130","59","-13.90","40","5.00","-2.00","-990.00"
"1","0","149","0","0","0","84","86","88","130","59","-13.69","40","-12.00","5.00","-987.00"
"1","0","149","0","0","0","84","86","87","130","59","-13.79","41","13.00","10.00","-1008.00"
"1","0","149","0","0","0","84","86","87","130","59","-13.51","41","-31.00","11.00","-1020.00"
"1","0","149","0","0","0","84","86","87","130","59","-13.74","41","2.00","-1.00","-945.00"
"0","0","149","0","0","0","84","86","86","130","59","-13.85","41","17.00","-11.00","-1012.00"
"0","0","149","0","0","0","84","86","87","130","59","-13.74","41","12.00","2.00","-1018.00"
"1","0","149","0","0","0","84","86","87","130","59","-13.42","41","2.00","-10.00","-1014.00"
"1","0","149","0","0","0","84","86","87","130","59","-13.77","41","-8.00","0.00","-987.00"
"1","0","149","0","0","0","84","86","87","130","59","-13.85","41","12.00","-17.00","-991.00"
"1","0","149","0","0","0","84","86","87","130","59","-14.02","41","0.00","-8.00","-987.00"
"1","0","149","0","0","0","84","86","86","130","59","-13.71","41","-5.00","-4.00","-1023.00"
"1","0","149","0","0","0","84","86","87","130","59","-13.40","42","-7.00","-3.00","-959.00"
"1","0","149","0","0","0","84","86","87","130","59","-13.78","42","6.00","-4.00","-959.00"
"0","0","149","0","0","0","84","86","87","130","59","-13.84","42","-4.00","-14.00","-986.00"
"0","0","149","0","0","0","84","86","88","130","59","-13.68","42","24.00","-19.00","-993.00"
"0","0","149","0","0","0","84","86","88","130","59","-13.50","42","1.00","-10.00","-985.00"
"0","0","149","0","0","0","84","86","89","130","59","-13.61","42","24.00","-9.00","-982.00"
"1","0","149","0","0","0","84","86","89","130","59","-13.93","42","9.00","-3.00","-1014.00"
"1","0","149","0","0","0","84","86","91","130","59","-13.73","42","-2.00","3.00","-1013.00"
"1","0","149","0","0","0","84","86","91","130","59","-13.88","42","9.00","-9.00","-1009.00"
"1","0","149","0","0","0","84","86","92","130","59","-13.78","42","6.00","-9.00","-989.00"
"1","0","149","0","0","0","84","86","92","130","59","-14.08","43","1.00","12.00","-994.00"
"1","0","149","0","0","0","84","86","93","130","59","-13.75","43","-5.00","0.00","-964.00"
"1","0","149","0","0","0","84","86","93","130","59","-13.72","43","9.00","-11.00","-973.00"
"1","0","149","0","0","0","84","86","93","130","59","-13.74","43","-2.00","-10.00","-981.00"
"1","0","149","0","0","0","84","86","92","130","59","-13.45","43","19.00","-14.00","-971.00"
"1","0","149","0","0","0","84","86","92","130","59","-13.76","43","20.00","-5.00","-1021.00"
"1","0","149","0","0","0","84","86","91","140","59","-13.76","43","-4.00","-6.00","-998.00"
"1","0","149","0","0","0","84","86","89","130","59","-13.59","43","22.00","-2.00","-1062.00"
"2","0","149","0","0","0","83","86","90","130","59","-13.64","43","14.00","-15.00","-976.00"
"2","0","149","0","0","0","83","86","92","130","59","-13.78","44","0.00","-8.00","-967.00"
"2","0","149","1","0","0","83","86","90","130","59","-13.66","44","0.00","-7.00","-969.00"
"1","0","149","1","0","0","83","86","88","130","59","-14.02","44","-6.00","-18.00","-967.00"
"1","0","149","1","0","0","83","86","86","130","59","-13.90","44","-9.00","-15.00","-987.00"
"1","0","149","1","0","0","83","86","85","130","59","-13.58","44","-10.00","-2.00","-987.00"
"1","0","149","1","0","0","83","86","83","130","59","-14.08","44","12.00","-11.00","-992.00"
"1","0","149","1","0","0","83","86","82","130","59","-13.76","44","12.00","-12.00","-1043.00"
"1","0","149","1","0","0","83","86","82","130","59","-13.81","44","1.00","-10.00","-1018.00"
"1","0","149","1","0","0","83","86","81","130","59","-13.99","44","17.00","-12.00","-1010.00"
"1","0","149","1","0","0","84","86","81","130","59","-13.57","44","10.00","-11.00","-1031.00"
"1","1","149","1","0","0","84","86","81","130","59","-13.50","45","35.00","-17.00","-999.00"
"1","0","149","0","0","0","84","86","82","130","59","-13.72","45","0.00","-26.00","-1030.00"
"1","0","149","0","0","0","84","86","83","130","59","-13.44","45","5.00","-15.00","-1013.00"
"1","0","149","0","0","0","84","86","83","130","59","-13.86","45","9.00","-21.00","-1003.00"
"1","0","149","0","0","0","84","86","84","130","59","-13.56","45","29.00","-13.00","-1022.00"
"1","0","149","0","0","0","84","86","84","130","59","-14.03","45","-26.00","-17.00","-980.00"
"1","0","149","0","0","0","84","86","84","130","59","-14.00","45","0.00","-18.00","-961.00"
"1","0","149","1","0","0","84","86","85","130","59","-13.67","45","3.00","-14.00","-1019.00"
"1","0","149","1","0","0","84","86","86","130","59","-13.58","45","2.00","-7.00","-991.00"
"1","0","149","0","0","0","84","86","87","130","59","-13.97","45","-10.00","-17.00","-985.00"
"1","0","149","1","0","0","84","86","87","130","59","-13.84","46","0.00","-6.00","-998.00"
"1","0","149","1","0","0","84","86","88","130","59","-13.81","46","11.00","-19.00","-993.00"
"1","0","149","0","0","0","84","86","89","130","59","-13.76","46","7.00","-9.00","-1009.00"
"1","0","149","0","0","0","84","86","89","130","59","-13.69","46","11.00","-9.00","-1016.00"
"0","0","149","1","0","0","84","86","88","130","59","-13.75","46","18.00","-20.00","-1017.00"
"0","0","149","1","0","0","84","86","85","130","59","-13.97","46","-4.00","-15.00","-976.00"
"0","0","149","0","0","0","84","86","87","130","59","-13.73","46","9.00","-2.00","-1012.00"
"0","0","149","0","0","0","84","86","88","130","59","-13.68","46","10.00","-5.00","-1014.00"
"0","0","149","0","0","0","84","86","90","130","59","-13.62","46","6.00","-7.00","-984.00"
"0","0","149","0","0","0","84","85","91","130","59","-13.69","46","18.00","4.00","-999.00"
"0","0","149","0","0","0","84","85","91","130","59","-13.63","47","-6.00","-6.00","-1011.00"
"0","0","149","0","0","0","84","85","92","130","59","-13.89","47","6.00","-5.00","-1014.00"
"0","1","149","0","0","0","84","85","91","130","59","-13.71","47","10.00","-15.00","-976.00"
"0","0","149","0","0","0","84","85","91","130","59","-13.74","47","-8.00","-13.00","-971.00"
"0","0","149","0","0","0","84","85","91","130","59","-13.65","47","0.00","13.00","-1021.00"
"0","0","149","0","0","0","84","85","90","130","59","-13.89","47","-36.00","-8.00","-960.00"
"0","0","149","0","0","0","84","85","90","130","59","-13.87","47","1.00","-5.00","-992.00"
"0","0","149","0","0","0","84","85","90","130","59","-13.71","47","2.00","-19.00","-956.00"
"1","0","149","0","0","0","84","85","90","130","59","-13.98","47","-10.00","-7.00","-987.00"
"1","0","149","0","0","0","83","85","89","130","59","-13.57","47","-26.00","-17.00","-935.00"
"1","0","149","0","0","0","83","85","90","130","59","-13.69","48","21.00","-4.00","-969.00"
"1","0","149","0","0","0","83","85","88","130","59","-13.68","48","3.00","-8.00","-996.00"
"1","0","149","0","0","0","83","85","89","130","59","-13.91","48","4.00","-6.00","-985.00"
"1","0","149","0","0","0","83","85","88","130","59","-13.68","48","35.00","-5.00","-1073.00"
"1","0","149","0","0","0","83","85","87","130","59","-13.85","48","-12.00","10.00","-983.00"
"1","0","149","0","0","0","83","85","87","130","59","-13.68","48","53.00","-4.00","-1058.00"
"1","0","149","0","0","0","83","85","87","130","59","-13.88","48","9.00","-33.00","-973.00"
"0","2","149","0","0","0","83","85","84","130","59","-13.67","48","16.00","-11.00","-968.00"
"0","5","149","0","0","0","83","85","82","130","59","-13.57","48","-7.00","-10.00","-992.00"
"0","4","149","0","-1","0","83","86","83","130","59","-13.56","48","2.00","-5.00","-1032.00"
"0","2","149","0","-1","0","83","86","82","130","59","-13.58","49","1.00","-6.00","-1029.00"
"0","1","149","-1","-1","0","83","86","84","130","59","-13.77","49","0.00","-30.00","-1018.00"
"0","1","149","-1","-1","0","83","86","84","130","59","-13.90","49","4.00","-25.00","-1017.00"
"0","1","149","-1","-2","0","83","86","84","130","59","-13.73","49","-6.00","-18.00","-1018.00"
"1","1","149","-1","-2","0","83","86","86","130","59","-13.62","49","-5.00","-24.00","-1022.00"
"1","1","149","-1","-2","0","83","86","88","130","59","-13.83","49","9.00","-7.00","-1016.00"
"2","0","149","0","-2","0","83","86","100","130","59","-13.66","49","7.00","-17.00","-1002.00"
"2","0","149","0","-2","0","83","86","103","130","59","-14.08","49","8.00","-14.00","-1038.00"
"1","0","149","0","-2","0","83","86","94","130","59","-13.79","49","-3.00","-18.00","-975.00"
"1","0","149","0","-2","0","83","86","90","130","59","-14.07","49","-6.00","-26.00","-958.00"
"-1","-2","149","0","-2","0","83","86","82","130","59","-13.84","50","16.00","-15.00","-1001.00"
"-2","-4","149","0","-1","0","83","86","80","130","59","-13.75","50","14.00","-17.00","-1014.00"
"0","-1","149","0","0","0","83","86","81","130","59","-13.90","50","11.00","-11.00","-987.00"
"0","0","149","0","0","0","83","86","81","130","59","-14.01","50","0.00","-3.00","-1024.00"
"0","0","149","0","0","0","83","86","82","130","59","-13.89","50","-24.00","18.00","-973.00"
"0","0","149","0","0","0","83","86","84","130","59","-14.07","50","-11.00","-4.00","-982.00"
"0","0","149","0","0","0","83","86","87","130","59","-13.99","50","0.00","7.00","-1013.00"
"0","0","149","0","0","0","83","86","90","130","59","-13.64","50","5.00","4.00","-995.00"
"0","0","149","0","0","0","83","86","92","130","59","-13.87","50","-3.00","3.00","-1010.00"
"1","0","149","0","0","0","83","86","94","130","59","-14.00","50","12.00","-17.00","-1002.00"
"1","0","149","0","0","0","83","86","96","130","59","-13.87","51","4.00","5.00","-1034.00"
"1","0","149","0","0","0","83","86","97","130","59","-13.70","51","1.00","-12.00","-942.00"
"1","0","149","0","0","0","83","86","94","130","59","-13.88","51","1.00","2.00","-1014.00"
"0","0","149","0","0","0","83","86","91","130","59","-13.64","51","-4.00","-7.00","-1012.00"
"0","0","149","0","0","0","83","86","88","130","59","-13.88","51","0.00","17.00","-1052.00"
"0","0","149","0","0","0","83","86","87","130","59","-13.84","51","17.00","-1.00","-1010.00"
"0","0","149","0","0","0","83","86","85","130","59","-13.99","51","-1.00","-8.00","-1019.00"
"0","0","149","0","0","0","83","86","84","130","59","-13.86","51","-4.00","-13.00","-1008.00"
"0","0","149","0","0","0","83","86","83","130","59","-14.02","51","-7.00","-22.00","-986.00"
"0","0","149","0","0","0","82","85","83","130","59","-14.09","51","-18.00","-1.00","-984.00"
"0","0","149","0","0","0","82","85","84","130","59","-13.67","52","-7.00","-9.00","-1010.00"
"0","0","149","0","0","0","82","85","85","130","59","-14.13","52","7.00","0.00","-1003.00"
"0","0","149","0","0","0","82","85","86","130","59","-13.83","52","3.00","-9.00","-986.00"
"0","0","149","0","0","0","82","85","87","130","59","-13.79","52","8.00","5.00","-1050.00"
"0","0","149","0","0","0","82","85","88","130","59","-13.54","52","13.00","0.00","-1038.00"
"0","0","149","0","0","0","82","85","91","130","59","-13.83","52","15.00","-12.00","-1032.00"
"0","0","149","0","0","0","82","85","94","130","59","-13.77","52","0.00","-10.00","-1045.00"
"0","0","149","0","0","0","82","85","98","130","59","-13.75","52","-5.00","-4.00","-998.00"
"0","0","149","0","0","0","82","85","101","130","59","-13.96","52","-8.00","14.00","-996.00"
"0","0","149","0","0","0","82","85","105","130","59","-14.02","52","11.00","-7.00","-1005.00"
"0","0","149","0","0","0","82","85","106","140","59","-13.73","53","-4.00","-15.00","-964.00"
"0","0","149","0","0","0","82","85","108","140","59","-14.15","53","-2.00","-25.00","-995.00"
"1","0","149","0","0","0","82","85","109","140","59","-13.76","53","13.00","-3.00","-985.00"
"1","0","149","0","0","0","82","85","108","140","59","-13.64","53","16.00","-24.00","-952.00"
"1","0","149","0","0","0","82","85","106","140","59","-13.94","53","3.00","2.00","-988.00"
"0","0","149","0","0","0","82","85","102","140","59","-13.86","53","-16.00","0.00","-936.00"
"0","0","149","0","0","0","82","85","98","140","59","-13.98","53","-31.00","-6.00","-948.00"
"0","0","149","0","0","0","82","85","93","140","59","-13.70","53","4.00","12.00","-1018.00"
"0","0","149","0","0","1","82","85","86","140","59","-13.56","53","7.00","1.00","-998.00"
"0","0","149","0","0","0","82","85","82","140","59","-13.97","53","21.00","-20.00","-1018.00"
"0","0","149","0","0","0","82","85","79","140","59","-13.89","54","7.00","-2.00","-1036.00"
"0","0","149","0","0","0","82","85","77","140","59","-13.99","54","-2.00","-6.00","-1113.00"
"0","0","149","0","0","-1","82","85","77","140","59","-14.09","54","-1.00","5.00","-1085.00"
"0","0","149","0","0","-1","82","85","79","140","59","-13.96","54","17.00","-20.00","-1029.00"
"0","0","149","0","0","-2","82","85","82","140","59","-13.70","54","20.00","8.00","-1031.00"
"0","0","149","0","0","-2","82","85","85","140","59","-13.96","54","1.00","-27.00","-967.00"
"0","0","149","0","0","-2","82","85","91","140","59","-13.83","54","10.00","-13.00","-1008.00"
"0","0","149","0","0","-2","82","85","97","140","59","-13.65","54","2.00","-12.00","-1022.00"
"0","0","148","0","0","-3","82","85","103","150","59","-13.82","54","8.00","-29.00","-988.00"
"1","0","148","0","0","-3","82","85","107","150","59","-13.80","54","27.00","-14.00","-1022.00"
"1","0","148","0","0","-3","82","85","112","150","59","-13.71","55","-10.00","-17.00","-1001.00"
"1","0","148","0","0","-3","82","85","115","160","59","-13.75","55","-1.00","0.00","-1010.00"
"0","0","148","0","0","-3","82","85","115","160","59","-13.56","55","20.00","-8.00","-1003.00"
"0","0","148","0","0","-2","82","85","117","160","59","-13.78","55","11.00","-10.00","-1039.00"
"0","0","148","0","0","-2","82","85","118","170","59","-13.74","55","22.00","-12.00","-966.00"
"0","0","148","0","0","-2","82","85","120","170","59","-13.64","55","16.00","-35.00","-921.00"
"0","0","148","0","0","-2","82","85","119","170","59","-13.93","55","4.00","-18.00","-967.00"
"0","0","149","0","0","-2","82","85","121","170","59","-13.63","55","38.00","-3.00","-1010.00"
"0","0","149","0","0","-1","82","85","123","170","59","-13.69","55","12.00","-21.00","-995.00"
"0","0","149","0","0","-1","83","85","127","170","59","-13.43","55","-4.00","-16.00","-948.00"
"0","0","149","0","0","-1","83","85","130","180","59","-13.82","56","0.00","-17.00","-1012.00"
"0","0","149","0","0","-1","83","85","130","180","59","-13.52","56","13.00","-6.00","-1004.00"
"0","0","149","0","0","-1","83","85","132","180","59","-13.42","56","-11.00","-10.00","-990.00"
"0","0","149","0","0","-1","83","85","133","180","59","-13.52","56","-6.00","-26.00","-955.00"
"0","0","149","0","0","-1","83","85","135","180","59","-13.54","56","2.00","-4.00","-996.00"
"0","0","149","0","0","-1","83","85","137","180","59","-13.25","56","1.00","-16.00","-969.00"
"0","0","149","0","0","-1","83","85","137","180","59","-13.58","56","0.00","-16.00","-990.00"
"0","0","149","0","0","0","83","85","136","190","59","-13.80","56","10.00","-39.00","-938.00"
"0","0","149","0","0","0","83","85","137","190","59","-13.31","56","17.00","-12.00","-993.00"
"0","0","149","0","0","0","82","85","137","190","59","-13.52","56","5.00","-24.00","-983.00"
"0","0","149","0","0","0","82","85","137","190","59","-13.75","57","10.00","-11.00","-995.00"
"0","0","149","0","0","0","82","85","134","190","59","-13.52","57","16.00","-11.00","-992.00"
"0","0","149","0","0","0","82","85","133","190","59","-13.91","57","9.00","-12.00","-1007.00"
"0","1","149","0","0","0","82","85","133","180","59","-13.56","57","16.00","-12.00","-999.00"
"0","1","149","0","0","0","82","85","133","180","59","-13.49","57","7.00","-9.00","-1025.00"
"0","1","149","0","0","0","82","85","134","180","59","-13.70","57","4.00","-14.00","-1018.00"
"0","1","149","0","0","0","82","85","135","180","59","-13.78","57","21.00","-9.00","-1026.00"
"0","1","149","0","0","0","82","85","136","180","59","-13.69","57","7.00","-8.00","-1011.00"
"0","0","149","0","0","0","82","85","136","180","59","-13.89","57","-3.00","-14.00","-1007.00"
"0","0","149","0","0","0","82","85","137","180","59","-13.68","57","4.00","-21.00","-998.00"
"0","0","149","0","0","0","82","85","137","180","59","-13.63","58","7.00","-18.00","-999.00"
"0","0","149","0","0","0","82","85","139","180","59","-13.59","58","6.00","-9.00","-1030.00"
"0","0","149","0","0","0","82","85","138","180","59","-13.52","58","17.00","-6.00","-1006.00"
"0","0","149","0","0","0","82","85","135","190","59","-13.69","58","32.00","-9.00","-1020.00"
"0","0","149","0","0","0","82","85","134","190","59","-13.91","58","5.00","-5.00","-999.00"
"0","0","149","0","0","0","82","85","132","190","59","-13.31","58","-5.00","22.00","-1062.00"
"0","0","149","0","0","0","82","85","130","180","59","-13.48","58","14.00","-21.00","-1006.00"
"0","0","149","0","0","0","82","85","128","180","59","-13.34","58","15.00","2.00","-973.00"
"0","0","149","0","0","0","82","85","128","180","59","-13.69","58","10.00","-28.00","-962.00"
"0","0","149","0","0","0","82","85","126","180","59","-13.49","58","-3.00","-17.00","-979.00"
"0","1","149","0","0","0","82","85","127","180","59","-13.93","59","0.00","-25.00","-1019.00"
"0","0","149","0","0","0","82","85","97","180","59","-13.46","59","8.00","-12.00","-1033.00"
"0","1","149","0","0","0","82","85","79","180","59","-13.36","59","4.00","-12.00","-994.00"
"0","0","149","0","0","0","82","85","76","180","59","-13.51","59","7.00","-11.00","-984.00"
"0","0","149","0","0","0","82","85","76","180","59","-13.51","59","-1.00","-29.00","-914.00"
"0","0","149","0","0","0","82","85","77","180","59","-13.47","59","1.00","-8.00","-952.00"
"0","0","149","0","0","0","82","85","78","180","59","-13.24","59","1.00","-3.00","-951.00"
"0","0","149","0","0","0","82","85","77","180","59","-13.62","59","0.00","-5.00","-920.00"
"0","0","149","0","0","1","82","85","75","180","59","-13.41","59","1.00","-5.00","-900.00"
"0","0","149","0","0","3","82","85","73","180","59","-13.73","60","22.00","-36.00","-917.00"
"0","0","149","0","0","3","82","85","69","170","59","-13.42","60","35.00","8.00","-1039.00"
"0","0","149","0","0","4","82","85","65","170","59","-13.71","60","-22.00","-37.00","-908.00"
"0","0","149","0","0","4","82","85","59","170","59","-13.57","60","21.00","0.00","-1013.00"
"0","0","149","0","0","4","82","85","54","160","59","-13.56","60","15.00","-17.00","-994.00"
"0","0","149","0","0","4","82","85","48","160","59","-13.73","60","26.00","-23.00","-975.00"
"0","1","149","0","0","4","82","85","42","150","59","-13.67","60","1.00","-18.00","-939.00"
"0","1","149","0","0","4","82","85","37","150","59","-13.77","60","19.00","-3.00","-989.00"
"0","1","149","0","0","5","82","85","31","140","59","-13.85","60","-7.00","-12.00","-966.00"
"0","1","149","0","0","4","82","85","30","140","59","-13.81","60","7.00","-9.00","-1031.00"
"0","1","149","0","0","4","82","85","25","130","59","-13.84","61","2.00","-4.00","-1016.00"
"0","0","149","0","0","4","82","85","23","130","59","-13.95","61","5.00","-3.00","-1027.00"
"0","0","149","0","0","3","82","85","19","130","59","-13.86","61","40.00","-9.00","-1056.00"
"0","0","149","0","0","1","82","85","17","130","59","-14.48","61","-19.00","-5.00","-1063.00"
"0","0","149","0","0","0","82","85","16","120","59","-13.87","61","-3.00","-14.00","-1152.00"
"0","0","149","0","0","0","82","85","16","130","59","-13.92","61","16.00","-6.00","-1151.00"
"0","0","149","0","0","-1","82","85","18","130","59","-14.26","61","-8.00","-11.00","-1081.00"
"0","0","149","0","0","-1","82","85","19","130","59","-13.98","61","23.00","-7.00","-1051.00"
"0","0","149","0","0","-1","82","85","21","130","59","-13.92","61","13.00","-19.00","-1029.00"
"0","0","149","0","0","-1","82","85","22","130","59","-14.06","61","31.00","-15.00","-1018.00"
"0","0","149","0","0","-1","82","85","23","130","59","-13.93","62","26.00","-25.00","-992.00"
"0","0","149","0","0","-1","82","85","25","140","59","-13.94","62","22.00","-29.00","-995.00"
"0","0","149","0","0","-1","82","85","27","140","59","-14.16","62","1.00","-14.00","-949.00"
"0","0","149","0","0","0","82","85","28","140","59","-13.56","62","8.00","-10.00","-982.00"
"0","0","149","0","0","0","82","85","28","140","59","-14.00","62","8.00","-11.00","-967.00"
"0","1","149","0","0","0","82","85","29","140","59","-13.76","62","13.00","-19.00","-980.00"
"0","0","149","0","0","0","82","85","29","140","59","-13.98","62","17.00","-14.00","-999.00"
"0","1","149","0","0","0","82","85","29","140","59","-13.84","62","9.00","-9.00","-990.00"
"0","1","149","0","0","0","82","85","28","140","59","-13.70","62","29.00","-16.00","-1003.00"
"0","1","149","0","0","0","82","85","27","140","59","-13.63","62","17.00","-15.00","-995.00"
"0","1","149","0","0","0","82","84","27","140","59","-13.97","63","9.00","-13.00","-1009.00"
"0","1","149","0","0","0","82","84","27","140","59","-14.14","63","21.00","-5.00","-1026.00"
"0","0","149","0","0","0","82","84","27","140","59","-14.23","63","3.00","-11.00","-974.00"
"0","0","149","0","0","0","82","84","27","140","59","-13.50","63","5.00","-17.00","-1001.00"
"0","1","149","0","0","0","82","84","27","140","59","-13.94","63","20.00","-14.00","-1014.00"
"0","1","149","0","0","0","82","84","27","140","59","-13.99","63","5.00","-33.00","-952.00"
"0","1","149","0","0","0","82","84","27","140","59","-14.03","63","8.00","-18.00","-964.00"
"0","1","149","0","0","1","82","84","26","140","59","-13.86","63","14.00","-19.00","-933.00"
"0","0","149","0","0","1","82","84","24","140","59","-13.95","63","4.00","-5.00","-896.00"
"0","0","149","0","0","2","82","84","21","130","59","-13.95","63","29.00","-27.00","-921.00"
"3","0","146","0","-1","0","81","84","10","120","59","-14.83","65","43.00","26.00","-1054.00"
"4","1","145","0","-1","-1","81","84","10","120","59","-14.68","65","98.00","-31.00","-986.00"
"5","1","145","0","-1","0","81","84","10","130","59","-14.39","65","107.00","-9.00","-1002.00"
"6","2","144","0","-1","0","81","84","10","0","59","-14.65","65","124.00","-85.00","-1034.00"
"6","3","144","0","-1","0","81","84","10","0","59","-14.22","65","82.00","-66.00","-1002.00"
"8","3","144","0","-1","0","81","84","10","0","59","-14.44","65","143.00","-66.00","-1038.00"
"7","2","144","0","-1","0","81","84","10","0","59","-14.46","65","109.00","-46.00","-1019.00"
"7","2","144","0","-1","0","81","84","10","0","59","-14.41","65","111.00","-68.00","-996.00"
"7","3","144","0","-1","0","81","84","10","0","59","-14.07","65","141.00","-65.00","-987.00"
"6","3","144","0","-1","0","81","84","10","0","59","-14.72","65","99.00","-39.00","-982.00"
"6","3","145","0","-1","0","81","84","10","0","59","-14.43","65","128.00","-85.00","-984.00"
"6","3","145","0","0","0","81","84","10","0","59","-13.96","65","119.00","-60.00","-1009.00"
"7","3","145","0","0","0","81","84","10","0","59","-14.27","65","132.00","-60.00","-990.00"
"7","3","145","0","0","0","81","84","10","0","59","-14.34","65","137.00","-48.00","-991.00"
"6","3","146","0","0","-1","81","84","10","0","59","-14.21","65","106.00","-56.00","-1023.00"
"6","3","146","0","0","-1","81","84","10","0","59","-14.17","65","105.00","-68.00","-994.00"
"6","3","146","0","0","-1","81","84","10","0","59","-14.45","65","93.00","-86.00","-970.00"
"6","3","146","0","0","-1","81","84","10","0","59","-14.36","65","100.00","-66.00","-975.00"
"6","3","147","0","0","-1","81","84","10","0","59","-14.24","65","67.00","-54.00","-977.00"
"6","3","147","0","0","-1","82","85","10","0","59","-14.37","65","139.00","-98.00","-1024.00"
"6","4","147","0","0","-1","82","85","10","0","59","-14.46","65","94.00","-54.00","-992.00"
"5","4","147","0","0","-1","82","85","10","0","59","-13.94","65","132.00","-92.00","-1020.00"
"2","4","147","0","0","-1","82","85","10","0","59","-14.36","65","44.00","-49.00","-972.00"
"1","4","148","0","0","0","82","85","10","0","59","-14.08","65","30.00","-88.00","-964.00"
"1","3","147","0","0","0","82","85","10","0","59","-14.42","65","44.00","-61.00","-1041.00"
"0","3","146","0","0","-1","82","85","10","0","59","-14.42","65","-19.00","-113.00","-1069.00"
"0","2","147","0","0","-1","82","85","10","0","59","-13.93","65","-40.00","-82.00","-959.00"
"1","3","148","0","0","-1","82","85","10","0","59","-14.17","65","41.00","-95.00","-1004.00"
"2","3","150","0","0","0","82","85","10","0","59","-14.21","65","52.00","5.00","-987.00"
"2","4","151","0","0","0","83","86","10","0","59","-14.39","65","2.00","-101.00","-989.00"
"5","5","151","0","0","0","83","86","10","0","59","-14.08","65","59.00","-108.00","-987.00"
"5","7","150","0","0","-1","83","86","10","0","59","-14.13","65","74.00","-43.00","-1108.00"
"2","5","149","0","0","0","83","86","10","0","59","-14.45","65","100.00","-104.00","-774.00"
"2","3","149","0","0","1","83","86","10","0","59","-14.25","65","54.00","-203.00","-1025.00"
"3","4","148","0","0","1","83","86","10","0","59","-14.06","65","93.00","-179.00","-975.00"
"5","3","147","0","0","0","83","86","10","0","59","-14.36","65","85.00","21.00","-1065.00"
"5","3","147","0","0","0","83","86","10","0","59","-14.05","65","156.00","-24.00","-975.00"
"4","1","146","0","0","0","83","86","10","0","59","-14.72","65","191.00","60.00","-929.00"
"4","1","148","0","0","0","83","86","10","0","59","-14.45","65","63.00","-16.00","-1003.00"
"4","1","147","0","0","0","82","84","10","0","59","-14.60","65","111.00","-5.00","-957.00"
"3","1","148","0","0","0","82","84","10","0","59","-14.60","65","39.00","-42.00","-997.00"
"3","1","148","0","0","0","82","84","10","0","59","-14.39","65","58.00","-47.00","-994.00"
"3","1","148","0","0","0","82","84","10","0","59","-14.24","65","41.00","-1.00","-1008.00"
"3","1","148","0","0","0","82","84","10","0","59","-14.48","65","63.00","-25.00","-994.00"
"3","1","148","0","0","0","82","84","10","0","59","-14.15","65","51.00","-29.00","-998.00"
"3","1","148","0","0","0","82","84","10","0","59","-14.39","65","47.00","-13.00","-998.00"
"3","1","148","0","0","0","82","84","10","0","59","-14.25","65","58.00","-21.00","-998.00"
"3","1","148","0","0","0","82","84","10","0","59","-14.53","65","52.00","-27.00","-998.00"
"3","1","148","0","0","0","82","84","10","0","59","-14.39","65","50.00","-17.00","-998.00"
"3","1","148","0","0","0","82","84","10","0","59","-14.50","65","55.00","-21.00","-999.00"
"3","1","148","0","0","0","82","84","10","0","59","-14.54","65","53.00","-24.00","-994.00"
"3","1","148","0","0","0","82","84","10","0","59","-14.58","65","52.00","-24.00","-994.00"
"3","1","148","0","0","0","82","84","10","0","59","-14.52","65","53.00","-23.00","-998.00"
"3","1","148","0","0","0","82","84","10","0","59","-14.44","65","55.00","-21.00","-996.00"
"3","1","148","0","0","0","82","84","10","0","59","-14.71","65","50.00","-23.00","-996.00"
"3","1","148","0","0","0","82","84","10","0","59","-14.27","65","52.00","-22.00","-996.00"
"3","1","148","0","0","0","82","84","10","0","59","-14.25","65","53.00","-21.00","-995.00"
"3","1","148","0","0","0","82","84","10","0","59","-14.40","65","55.00","-20.00","-998.00"
"3","1","148","0","0","0","82","84","10","0","59","-14.16","65","53.00","-20.00","-997.00"
